storm,n_sites,threshold_X_headline_m,weighted_frac_exceeds_X_headline,threshold_X_region_m,weighted_frac_exceeds_X_region,median_abs_delta_hs,max_abs_delta_hs
xynthia,111,0.4,0.17192058920498463,0.46,0.1281716313823559,0.24197960788439943,1.1500160047991828
xaver,78,0.4,0.38460589414898017,0.39,0.39150201322320727,1.4157802678057054,4.877183451162185
gloria,138,0.4,0.2939651834819124,0.41,0.2939651834819124,0.5889163407786515,2.818055948252204
aggregated,327,0.4,0.2673529756365003,,0.2521740763650453,0.478439789036889,4.877183451162185
