threshold_X_m,xynthia,xaver,gloria,aggregated
0.2,0.7413538208927619,0.8959268730642678,0.9183833251983706,0.8413191597782589
0.3,0.6313992093958242,0.8547853948659245,0.8903439432488128,0.7770128154879253
0.4,0.5985736675214971,0.8260296179394165,0.821287338146133,0.7317327446312055
0.5,0.5462973628193765,0.8260296179394165,0.7699437650015097,0.6915201175450558
0.6,0.47826494119066726,0.8260296179394165,0.6790561323003349,0.630307451947961
0.7,0.46684572272917324,0.8006685261809292,0.6384550671879188,0.6049964695025053
0.8,0.46684572272917324,0.7901849641990423,0.5711049366139721,0.5777983892329697
